<?xml version="1.0" encoding="UTF-8"?>

<!DOCTYPE struts PUBLIC 
    "-//Apache Software Foundation//DTD Struts Configuration 2.0//EN"
    "http://struts.apache.org/dtds/struts-2.0.dtd">

<struts>

    <package name="myPackage" extends="struts-default">

        <default-action-ref name="zC" />

        <global-results>
            <result name="error">/jsp/error1.jsp</result>
            <result name="error2">/jsp/error2.jsp</result>
        </global-results>
        
        <global-exception-mappings>
            <exception-mapping exception="java.lang.Exception" result="error1" />
            <exception-mapping exception="java.lang.RuntimeException" result="error2"/>
        </global-exception-mappings>

        <action name="exception" class="com.fdar.apress.s2.ZC4Action">
            <result name="success">/jsp/success.jsp</result>
        </action>


        <action name="index" class="com.fdar.apress.s2.IndexAction">
			<result>/jsp/index.jsp</result>
		</action>
        <action name="helloWorld" class="helloWorldAction"> 
			<result name="input">/jsp/index.jsp</result>
			<result>/jsp/helloWorld.jsp</result>
		</action>
	</package>
</struts>
