<?xml version="1.0" encoding="UTF-8"?>
<!DOCTYPE beans PUBLIC "-//SPRING//DTD BEAN//EN" "http://www.springframework.org/dtd/spring-beans.dtd">

<beans>

    <!-- ======================== FILTER CHAIN ======================= -->


    <bean id="filterChainProxy" class="org.acegisecurity.util.FilterChainProxy">
        <property name="filterInvocationDefinitionSource">
            <value>
                CONVERT_URL_TO_LOWERCASE_BEFORE_COMPARISON
                PATTERN_TYPE_APACHE_ANT
                /**=httpSessionContextIntegrationFilter,logoutFilter,authenticationProcessingFilter,basicProcessingFilter,securityContextHolderAwareRequestFilter,anonymousProcessingFilter,exceptionTranslationFilter,filterInvocationInterceptor
            </value>
        </property>
    </bean>

    <!-- ======================== AUTHENTICATION ======================= -->

    <bean id="authenticationManager" class="org.acegisecurity.providers.ProviderManager">
        <property name="providers">
            <list>
                <ref local="daoAuthenticationProvider"/>
                <ref local="anonymousAuthenticationProvider"/>
            </list>
        </property>
    </bean>

    <!--<bean id="passwordEncoder" class="org.acegisecurity.providers.encoding.Md5PasswordEncoder"/>-->

    <bean id="daoAuthenticationProvider" class="org.acegisecurity.providers.dao.DaoAuthenticationProvider">
        <property name="userDetailsService"><ref bean="userService"/></property>
        <!--<property name="passwordEncoder"><ref local="passwordEncoder"/></property>-->
    </bean>

    <!-- Automatically receives AuthenticationEvent messages -->
    <bean id="loggerListener" class="org.acegisecurity.event.authentication.LoggerListener"/>

    <bean id="basicProcessingFilter" class="org.acegisecurity.ui.basicauth.BasicProcessingFilter">
        <property name="authenticationManager"><ref local="authenticationManager"/></property>
        <property name="authenticationEntryPoint"><ref local="basicProcessingFilterEntryPoint"/></property>
    </bean>

    <bean id="basicProcessingFilterEntryPoint" class="org.acegisecurity.ui.basicauth.BasicProcessingFilterEntryPoint">
        <property name="realmName"><value>Contacts Realm</value></property>
    </bean>

    <bean id="anonymousProcessingFilter" class="org.acegisecurity.providers.anonymous.AnonymousProcessingFilter">
        <property name="key"><value>foobar</value></property>
        <property name="userAttribute"><value>anonymousUser,ROLE_ANONYMOUS</value></property>
    </bean>

    <bean id="anonymousAuthenticationProvider" class="org.acegisecurity.providers.anonymous.AnonymousAuthenticationProvider">
        <property name="key"><value>foobar</value></property>
    </bean>

    <bean id="httpSessionContextIntegrationFilter" class="org.acegisecurity.context.HttpSessionContextIntegrationFilter">
    </bean>

    <bean id="logoutFilter" class="org.acegisecurity.ui.logout.LogoutFilter">
        <constructor-arg value="/index.action"/> <!-- URL redirected to after logout -->
        <constructor-arg>
            <list>
                <bean class="org.acegisecurity.ui.logout.SecurityContextLogoutHandler"/>
            </list>
        </constructor-arg>
    </bean>

    <bean id="securityContextHolderAwareRequestFilter" class="org.acegisecurity.wrapper.SecurityContextHolderAwareRequestFilter"/>


    <!-- ===================== HTTP REQUEST SECURITY ==================== -->

    <bean id="exceptionTranslationFilter" class="org.acegisecurity.ui.ExceptionTranslationFilter">
        <property name="authenticationEntryPoint"><ref local="authenticationProcessingFilterEntryPoint"/></property>
        <property name="accessDeniedHandler">
            <bean class="org.acegisecurity.ui.AccessDeniedHandlerImpl" />
        </property>
    </bean>

    <bean id="authenticationProcessingFilter" class="org.acegisecurity.ui.webapp.AuthenticationProcessingFilter">
        <property name="authenticationManager"><ref bean="authenticationManager"/></property>
        <property name="authenticationFailureUrl"><value>/acegilogin.action?login_error=1</value></property>
        <property name="defaultTargetUrl"><value>/</value></property>
        <property name="filterProcessesUrl"><value>/j_acegi_security_check</value></property>
    </bean>

    <bean id="authenticationProcessingFilterEntryPoint" class="org.acegisecurity.ui.webapp.AuthenticationProcessingFilterEntryPoint">
        <property name="loginFormUrl"><value>/acegilogin.action</value></property>
        <property name="forceHttps"><value>false</value></property>
    </bean>

    <bean id="httpRequestAccessDecisionManager" class="org.acegisecurity.vote.AffirmativeBased">
        <property name="allowIfAllAbstainDecisions"><value>false</value></property>
        <property name="decisionVoters">
            <list>
                <ref bean="roleVoter"/>
            </list>
        </property>
    </bean>

    <!-- Note the order that entries are placed against the objectDefinitionSource is critical.
The FilterSecurityInterceptor will work from the top of the list down to the FIRST pattern that matches the request URL.
Accordingly, you should place MOST SPECIFIC (ie a/b/c/d.*) expressions first, with LEAST SPECIFIC (ie a/.*) expressions last -->
    <bean id="filterInvocationInterceptor" class="org.acegisecurity.intercept.web.FilterSecurityInterceptor">
        <property name="authenticationManager"><ref bean="authenticationManager"/></property>
        <property name="accessDecisionManager"><ref local="httpRequestAccessDecisionManager"/></property>
        <property name="objectDefinitionSource">
            <value>
                CONVERT_URL_TO_LOWERCASE_BEFORE_COMPARISON
                PATTERN_TYPE_APACHE_ANT
                /event/**=ROLE_USER
                /**=ROLE_ANONYMOUS,ROLE_USER
            </value>
        </property>
    </bean>

    <!-- An access decision voter that reads ROLE_* configuration settings -->
    <bean id="roleVoter" class="org.acegisecurity.vote.RoleVoter"/>

</beans>
